iteration,model,Class,Precision,Recall,F1-score,Model,AUC,Accuracy
iter1,clinicalbert_transformer,0,0.7239,0.4335,0.5423,,,
iter1,clinicalbert_transformer,1,0.3309,0.7303,0.4555,,,
iter1,clinicalbert_transformer,2,0.2208,0.0627,0.0977,,,
iter1,clinicalbert_transformer,Accuracy,0.4705,,,,,
iter1,clinicalbert_transformer,MacroAUC,0.6055,,,,,
iter1,clinicalbert_transformer,MicroAUC,0.5776,,,,,
iter1,gru,0,0.7637457044673539,0.5394417475728155,0.6322901849217639,,,
iter1,gru,1,0.3551251008878127,0.623229461756374,0.4524421593830334,,,
iter1,gru,2,0.1623931623931624,0.1342756183745583,0.1470019342359768,,,
iter1,gru,Accuracy,0.5183921122487676,,,,,
iter1,gru,MacroAUC,0.6522450591489322,,,,,
iter1,gru,MicroAUC,0.6607610203905249,,,,,
iter1,gru_multiclass,0,0.7348,0.1462,0.2439,,,
iter1,gru_multiclass,1,0.4039,0.1459,0.2144,,,
iter1,gru_multiclass,2,0.1212,0.8799,0.2131,,,
iter1,lstm,0,0.6633906633906634,0.6553398058252428,0.6593406593406593,,,
iter1,lstm,1,0.3577235772357723,0.2492917847025495,0.2938230383973289,,,
iter1,lstm,2,0.1508704061895551,0.2756183745583039,0.195,,,
iter1,lstm,Accuracy,0.5058778915434206,,,,,
iter1,lstm,MacroAUC,0.6048490456457385,,,,,
iter1,lstm,MicroAUC,0.6284848907117853,,,,,
iter1,tabular_rf,0,0.6860611134365844,0.678113363673976,0.6820640865584686,,,
iter1,tabular_rf,1,0.4078826764436297,0.3938053097345133,0.4007203962179199,,,
iter1,tabular_rf,2,0.2309090909090909,0.2629399585921325,0.2458857696030977,,,
iter1,tabular_rf,Accuracy,0.5486352357320099,,,,,
iter1,tabular_rf,MacroAUC,0.6537146972593584,,,,,
iter1,tabular_xgb,0,0.7914691943127962,0.0690939180802647,0.1270928462709284,,,
iter1,tabular_xgb,1,0.3113138686131387,0.7548672566371681,0.4408268733850129,,,
iter1,tabular_xgb,2,0.1436515291936978,0.3209109730848861,0.1984635083226632,,,
iter1,tabular_xgb,Accuracy,0.2915632754342431,,,,,
iter1,tabular_xgb,MacroAUC,0.5703326088595289,,,,,
iter1,tfidf,0,0.8053097345132744,0.6696100073583517,0.7312173563680193,,,
iter1,tfidf,1,0.5218543046357615,0.652317880794702,0.5798381162619574,,,
iter1,tfidf,2,0.3325,0.4130434782608695,0.3684210526315789,,,
iter1,tfidf,Accuracy,0.6288840262582057,,,,,
iter1,tfidf,MacroAUC,0.7772171340704582,,,,,
iter1,transformer,0,0.8181818181818182,0.0054611650485436,0.0108499095840868,,,
iter1,transformer,1,0.254054054054054,0.1331444759206798,0.174721189591078,,,
iter1,transformer,2,0.1192375886524822,0.950530035335689,0.2118944466325324,,,
iter1,transformer,Accuracy,0.1410693970420933,,,,,
iter1,transformer,MacroAUC,0.5690889930505536,,,,,
iter1,transformer,MicroAUC,0.3872994630681576,,,,,
iter10,clinicalbert_transformer,0,0.734,0.5117,0.603,,,
iter10,clinicalbert_transformer,1,0.35,0.6994,0.4665,,,
iter10,clinicalbert_transformer,2,0.1754,0.0385,0.0631,,,
iter10,clinicalbert_transformer,Accuracy,0.5098,,,,,
iter10,clinicalbert_transformer,MacroAUC,0.623,,,,,
iter10,clinicalbert_transformer,MicroAUC,0.6062,,,,,
iter10,gru,0,0.6671732522796353,0.2663834951456311,0.3807458803122289,,,
iter10,gru,1,0.3491379310344827,0.1147308781869688,0.1727078891257995,,,
iter10,gru,2,0.1230681167716084,0.7597173144876325,0.2118226600985221,,,
iter10,gru,Accuracy,0.2787258248009101,,,,,
iter10,gru,MacroAUC,0.571035901136696,,,,,
iter10,gru,MicroAUC,0.5265562100207815,,,,,
iter10,lstm,0,0.6666666666666666,0.6262135922330098,0.6458072590738423,,,
iter10,lstm,1,0.3262955854126679,0.2407932011331444,0.2770986145069274,,,
iter10,lstm,2,0.1619718309859155,0.3250883392226148,0.2162162162162162,,,
iter10,lstm,Accuracy,0.490709139173303,,,,,
iter10,lstm,MacroAUC,0.572409803863926,,,,,
iter10,lstm,MicroAUC,0.6134629292402437,,,,,
iter10,tabular_rf,0,0.6997270245677889,0.629038854805726,0.6625026922248546,,,
iter10,tabular_rf,1,0.3904682274247492,0.4257064721969006,0.4073266463148713,,,
iter10,tabular_rf,2,0.2200328407224959,0.2906724511930585,0.2504672897196262,,,
iter10,tabular_rf,Accuracy,0.5343492380714464,,,,,
iter10,tabular_rf,MacroAUC,0.6459737522759639,,,,,
iter10,tabular_xgb,0,0.768025078369906,0.1002044989775051,0.1772793053545586,,,
iter10,tabular_xgb,1,0.3041599135602377,0.5132178669097539,0.3819538670284939,,,
iter10,tabular_xgb,2,0.1653027823240589,0.6572668112798264,0.2641673931996512,,,
iter10,tabular_xgb,Accuracy,0.277541843617287,,,,,
iter10,tabular_xgb,MacroAUC,0.592189785632134,,,,,
iter10,tfidf,0,0.8217317487266553,0.6969042476601872,0.7541877678223607,,,
iter10,tfidf,1,0.5511049723756906,0.6435483870967742,0.59375,,,
iter10,tfidf,2,0.3076923076923077,0.4189189189189189,0.3547925608011445,,,
iter10,tfidf,Accuracy,0.6468546637744035,,,,,
iter10,tfidf,MacroAUC,0.7870758570361995,,,,,
iter10,transformer,0,0.7150837988826816,0.1553398058252427,0.2552342971086739,,,
iter10,transformer,1,0.0,0.0,0.0,,,
iter10,transformer,2,0.1140851250548486,0.9187279151943464,0.2029664324746292,,,
iter10,transformer,Accuracy,0.1956769055745165,,,,,
iter10,transformer,MacroAUC,0.5504350085574937,,,,,
iter10,transformer,MicroAUC,0.496919080861041,,,,,
iter11,clinicalbert_transformer,0,0.7208,0.4648,0.5651,,,
iter11,clinicalbert_transformer,1,0.336,0.7281,0.4598,,,
iter11,clinicalbert_transformer,2,0.2432,0.0331,0.0583,,,
iter11,clinicalbert_transformer,Accuracy,0.4857,,,,,
iter11,clinicalbert_transformer,MacroAUC,0.6158,,,,,
iter11,clinicalbert_transformer,MicroAUC,0.5968,,,,,
iter11,gru,0,0.6921278254091972,0.5388349514563107,0.6059365404298874,,,
iter11,gru,1,0.3215962441314554,0.5821529745042493,0.4143145161290322,,,
iter11,gru,2,0.1973684210526315,0.0530035335689045,0.0835654596100278,,,
iter11,gru,Accuracy,0.4982935153583617,,,,,
iter11,gru,MacroAUC,0.5974772511145514,,,,,
iter11,gru,MicroAUC,0.6860594952176294,,,,,
iter11,lstm,0,0.6569659442724458,0.6438106796116505,0.6503217897640209,,,
iter11,lstm,1,0.3333333333333333,0.2308781869688385,0.2728033472803347,,,
iter11,lstm,2,0.1557223264540337,0.293286219081272,0.2034313725490196,,,
iter11,lstm,Accuracy,0.4956389836935912,,,,,
iter11,lstm,MacroAUC,0.5759036999683352,,,,,
iter11,lstm,MicroAUC,0.5819718055057624,,,,,
iter11,tabular_rf,0,0.7002640845070423,0.6493877551020408,0.6738670055061414,,,
iter11,tabular_rf,1,0.3889816360601001,0.4171888988361683,0.4025917926565874,,,
iter11,tabular_rf,2,0.2406143344709897,0.2883435582822086,0.2623255813953488,,,
iter11,tabular_rf,Accuracy,0.5419132149901381,,,,,
iter11,tabular_rf,MacroAUC,0.6581342410202087,,,,,
iter11,tabular_xgb,0,0.8363636363636363,0.0375510204081632,0.071875,,,
iter11,tabular_xgb,1,0.2815533980582524,0.88272157564906,0.4269322364148084,,,
iter11,tabular_xgb,2,0.1396396396396396,0.1267893660531697,0.1329046087888531,,,
iter11,tabular_xgb,Accuracy,0.2810650887573964,,,,,
iter11,tabular_xgb,MacroAUC,0.5478112001441686,,,,,
iter11,tfidf,0,0.8311345646437994,0.6852791878172588,0.7511923688394276,,,
iter11,tfidf,1,0.5652173913043478,0.6853035143769968,0.6194945848375452,,,
iter11,tfidf,2,0.2951219512195122,0.4019933554817276,0.340365682137834,,,
iter11,tfidf,Accuracy,0.6483087597571553,,,,,
iter11,tfidf,MacroAUC,0.7831462766882824,,,,,
iter11,transformer,0,0.7270194986072424,0.158373786407767,0.2600896860986547,,,
iter11,transformer,1,0.2726075504828797,0.8796033994334278,0.4162198391420911,,,
iter11,transformer,2,0.0,0.0,0.0,,,
iter11,transformer,Accuracy,0.3344709897610921,,,,,
iter11,transformer,MacroAUC,0.5493443704988232,,,,,
iter11,transformer,MicroAUC,0.6255445428227484,,,,,
iter12,clinicalbert_transformer,0,0.6471,0.6914,0.6685,,,
iter12,clinicalbert_transformer,1,0.3515,0.3471,0.3493,,,
iter12,clinicalbert_transformer,2,0.2011,0.1377,0.1634,,,
iter12,clinicalbert_transformer,Accuracy,0.5301,,,,,
iter12,clinicalbert_transformer,MacroAUC,0.5904,,,,,
iter12,clinicalbert_transformer,MicroAUC,0.6863,,,,,
iter12,gru,0,0.7619387027797576,0.6486650485436893,0.700753851196329,,,
iter12,gru,1,0.4258517034068136,0.6019830028328612,0.4988262910798122,,,
iter12,gru,2,0.2330508474576271,0.1943462897526501,0.2119460500963391,,,
iter12,gru,Accuracy,0.5874099355328024,,,,,
iter12,gru,MacroAUC,0.6942848868611144,,,,,
iter12,gru,MicroAUC,0.7645452056287747,,,,,
iter12,lstm,0,0.6504683840749415,0.6741504854368932,0.6620977353992848,,,
iter12,lstm,1,0.3508064516129032,0.1232294617563739,0.1823899371069182,,,
iter12,lstm,2,0.1541850220264317,0.3710247349823322,0.2178423236514522,,,
iter12,lstm,Accuracy,0.4941221084565794,,,,,
iter12,lstm,MacroAUC,0.582071145514492,,,,,
iter12,lstm,MicroAUC,0.5969454119053998,,,,,
iter12,tabular_rf,0,0.6852444038373686,0.6366723259762309,0.6600660066006601,,,
iter12,tabular_rf,1,0.3887530562347188,0.412987012987013,0.4005037783375315,,,
iter12,tabular_rf,2,0.2160148975791433,0.2624434389140271,0.236976506639428,,,
iter12,tabular_rf,Accuracy,0.5294712876296483,,,,,
iter12,tabular_rf,MacroAUC,0.6425127565373545,,,,,
iter12,tabular_xgb,0,0.7739130434782608,0.0377758913412563,0.0720356131121003,,,
iter12,tabular_xgb,1,0.3078602620087336,0.8545454545454545,0.4526484751203852,,,
iter12,tabular_xgb,2,0.1582278481012658,0.2262443438914027,0.186219739292365,,,
iter12,tabular_xgb,Accuracy,0.2974955729825449,,,,,
iter12,tabular_xgb,MacroAUC,0.5695354349330811,,,,,
iter12,tfidf,0,0.8252516010978957,0.664701547531319,0.7363265306122448,,,
iter12,tfidf,1,0.523153942428035,0.6709470304975923,0.5879043600562588,,,
iter12,tfidf,2,0.3009950248756219,0.3853503184713376,0.3379888268156424,,,
iter12,tfidf,Accuracy,0.6281604184829991,,,,,
iter12,tfidf,MacroAUC,0.7794998517999668,,,,,
iter12,transformer,0,0.7372654155495979,0.1668689320388349,0.2721425037110341,,,
iter12,transformer,1,0.0,0.0,0.0,,,
iter12,transformer,2,0.1210247349823321,0.9681978798586572,0.2151550844130349,,,
iter12,transformer,Accuracy,0.2081911262798634,,,,,
iter12,transformer,MacroAUC,0.5664577336274687,,,,,
iter12,transformer,MicroAUC,0.521684355635052,,,,,
iter13,clinicalbert_transformer,0,0.6541,0.7595,0.7029,,,
iter13,clinicalbert_transformer,1,0.3627,0.2233,0.2764,,,
iter13,clinicalbert_transformer,2,0.1505,0.1556,0.153,,,
iter13,clinicalbert_transformer,Accuracy,0.5444,,,,,
iter13,clinicalbert_transformer,MacroAUC,0.5728,,,,,
iter13,clinicalbert_transformer,MicroAUC,0.6961,,,,,
iter13,gru,0,0.7665615141955836,0.1474514563106796,0.2473282442748091,,,
iter13,gru,1,0.3800904977375565,0.2379603399433427,0.2926829268292683,,,
iter13,gru,2,0.1187433439829606,0.7879858657243817,0.2063859324386858,,,
iter13,gru,Accuracy,0.2404247250663632,,,,,
iter13,gru,MacroAUC,0.6049773321370008,,,,,
iter13,gru,MicroAUC,0.468904165496438,,,,,
iter13,lstm,0,0.6762672811059908,0.712378640776699,0.693853427895981,,,
iter13,lstm,1,0.4075,0.2308781869688385,0.294755877034358,,,
iter13,lstm,2,0.1457085828343313,0.2579505300353357,0.1862244897959183,,,
iter13,lstm,Accuracy,0.534698521046644,,,,,
iter13,lstm,MacroAUC,0.6085261989213161,,,,,
iter13,lstm,MicroAUC,0.6714494326745684,,,,,
iter13,tabular_rf,0,0.6825543729754743,0.6374243733794296,0.659217877094972,,,
iter13,tabular_rf,1,0.4122011541632316,0.4295532646048109,0.4206983592763988,,,
iter13,tabular_rf,2,0.2455830388692579,0.3008658008658009,0.2704280155642023,,,
iter13,tabular_rf,Accuracy,0.5365482233502538,,,,,
iter13,tabular_rf,MacroAUC,0.652349310565508,,,,,
iter13,tabular_xgb,0,0.6842105263157895,0.0674157303370786,0.1227380015735641,,,
iter13,tabular_xgb,1,0.3066725585505965,0.5962199312714777,0.4050189670265538,,,
iter13,tabular_xgb,2,0.175983436853002,0.551948051948052,0.2668759811616955,,,
iter13,tabular_xgb,Accuracy,0.2804568527918781,,,,,
iter13,tabular_xgb,MacroAUC,0.5745494519881579,,,,,
iter13,tfidf,0,0.8176211453744493,0.6783625730994152,0.7415101877746704,,,
iter13,tfidf,1,0.5149051490514905,0.6343906510851419,0.5684367988032909,,,
iter13,tfidf,2,0.3002481389578164,0.3915857605177993,0.3398876404494382,,,
iter13,tfidf,Accuracy,0.6278558875219684,,,,,
iter13,tfidf,MacroAUC,0.7729380888696099,,,,,
iter13,transformer,0,1.0,0.0006067961165048,0.0012128562765312,,,
iter13,transformer,1,0.2791878172588832,0.1558073654390935,0.2,,,
iter13,transformer,2,0.1199821587867975,0.950530035335689,0.213069306930693,,,
iter13,transformer,Accuracy,0.1441031475161168,,,,,
iter13,transformer,MacroAUC,0.5556728813655866,,,,,
iter13,transformer,MicroAUC,0.3868358296054988,,,,,
iter14,clinicalbert_transformer,0,0.6951,0.5856,0.6357,,,
iter14,clinicalbert_transformer,1,0.3705,0.6016,0.4586,,,
iter14,clinicalbert_transformer,2,0.2165,0.0769,0.1135,,,
iter14,clinicalbert_transformer,Accuracy,0.5292,,,,,
iter14,clinicalbert_transformer,MacroAUC,0.6053,,,,,
iter14,clinicalbert_transformer,MicroAUC,0.6723,,,,,
iter14,gru,0,0.645737855178735,0.8549757281553398,0.7357702349869452,,,
iter14,gru,1,0.3993808049535604,0.1827195467422096,0.2507288629737609,,,
iter14,gru,2,0.1742424242424242,0.0812720848056537,0.1108433734939759,,,
iter14,gru,Accuracy,0.5919605612438377,,,,,
iter14,gru,MacroAUC,0.5779915749801826,,,,,
iter14,gru,MicroAUC,0.7133304615094348,,,,,
iter14,lstm,0,0.6928183464091732,0.6966019417475728,0.6947049924357035,,,
iter14,lstm,1,0.4169054441260745,0.4121813031161473,0.4145299145299145,,,
iter14,lstm,2,0.1879432624113475,0.1872791519434629,0.1876106194690265,,,
iter14,lstm,Accuracy,0.5657944634053849,,,,,
iter14,lstm,MacroAUC,0.6382810921846783,,,,,
iter14,lstm,MicroAUC,0.6965877785126311,,,,,
iter14,tabular_rf,0,0.6753950338600452,0.6262034323984931,0.6498696785403997,,,
iter14,tabular_rf,1,0.3928571428571428,0.4150943396226415,0.4036697247706422,,,
iter14,tabular_rf,2,0.2142857142857142,0.2611336032388664,0.2354014598540146,,,
iter14,tabular_rf,Accuracy,0.520869350456903,,,,,
iter14,tabular_rf,MacroAUC,0.6315659442674441,,,,,
iter14,tabular_xgb,0,0.8099173553719008,0.0410213478442863,0.0780876494023904,,,
iter14,tabular_xgb,1,0.2998278829604131,0.7469982847341338,0.4279046917219356,,,
iter14,tabular_xgb,2,0.1231671554252199,0.2550607287449393,0.1661173368490441,,,
iter14,tabular_xgb,Accuracy,0.2704371449740677,,,,,
iter14,tabular_xgb,MacroAUC,0.5475245045413465,,,,,
iter14,tfidf,0,0.813529921942758,0.6994780014914244,0.7522052927024859,,,
iter14,tfidf,1,0.5658263305322129,0.6392405063291139,0.600297176820208,,,
iter14,tfidf,2,0.2995169082125604,0.4025974025974026,0.3434903047091412,,,
iter14,tfidf,Accuracy,0.6427005699254713,,,,,
iter14,tfidf,MacroAUC,0.7888015786253265,,,,,
iter14,transformer,0,0.7351485148514851,0.1802184466019417,0.2894736842105263,,,
iter14,transformer,1,0.0,0.0,0.0,,,
iter14,transformer,2,0.1213613972234661,0.9575971731448764,0.2154213036565977,,,
iter14,transformer,Accuracy,0.2153962836556693,,,,,
iter14,transformer,MacroAUC,0.5366986165282593,,,,,
iter14,transformer,MicroAUC,0.5132640658612617,,,,,
iter15,clinicalbert_transformer,0,0.7283,0.5201,0.6068,,,
iter15,clinicalbert_transformer,1,0.3562,0.7091,0.4742,,,
iter15,clinicalbert_transformer,2,0.2632,0.0372,0.0651,,,
iter15,clinicalbert_transformer,Accuracy,0.5152,,,,,
iter15,clinicalbert_transformer,MacroAUC,0.6292,,,,,
iter15,clinicalbert_transformer,MicroAUC,0.6444,,,,,
iter15,gru,0,0.7825278810408922,0.5109223300970874,0.618208516886931,,,
iter15,gru,1,0.4794303797468354,0.4291784702549575,0.452914798206278,,,
iter15,gru,2,0.1851453175457481,0.607773851590106,0.2838283828382838,,,
iter15,gru,Accuracy,0.4994311717861205,,,,,
iter15,gru,MacroAUC,0.693643818205859,,,,,
iter15,gru,MicroAUC,0.7117193927494572,,,,,
iter15,lstm,0,0.6926829268292682,0.4308252427184466,0.5312383090160868,,,
iter15,lstm,1,0.3212435233160621,0.3512747875354107,0.3355886332882273,,,
iter15,lstm,2,0.144047619047619,0.4275618374558304,0.2154942119323241,,,
iter15,lstm,Accuracy,0.4091770951839211,,,,,
iter15,lstm,MacroAUC,0.5942333867081419,,,,,
iter15,lstm,MicroAUC,0.5295822668253719,,,,,
iter15,tabular_rf,0,0.6903344021988089,0.6204199258954303,0.6535125758889853,,,
iter15,tabular_rf,1,0.384310618066561,0.4221061792863359,0.4023226876814599,,,
iter15,tabular_rf,2,0.238095238095238,0.3018108651911468,0.2661934338952972,,,
iter15,tabular_rf,Accuracy,0.5256441717791411,,,,,
iter15,tabular_rf,MacroAUC,0.6511535835648411,,,,,
iter15,tabular_xgb,0,0.7375565610859729,0.0671058048579662,0.1230188679245283,,,
iter15,tabular_xgb,1,0.2970690511674118,0.5204525674499565,0.3782416192283365,,,
iter15,tabular_xgb,2,0.1683867463335144,0.6237424547283702,0.2651839178785286,,,
iter15,tabular_xgb,Accuracy,0.2628220858895705,,,,,
iter15,tabular_xgb,MacroAUC,0.5674004516529657,,,,,
iter15,tfidf,0,0.82,0.6716306775874907,0.738436348751535,,,
iter15,tfidf,1,0.5274869109947644,0.6552845528455284,0.5844815083393764,,,
iter15,tfidf,2,0.2864197530864197,0.3729903536977492,0.3240223463687151,,,
iter15,tfidf,Accuracy,0.626267078007933,,,,,
iter15,tfidf,MacroAUC,0.7749508438874092,,,,,
iter15,transformer,0,0.6445366528354081,0.2827669902912621,0.3930830873049346,,,
iter15,transformer,1,0.0,0.0,0.0,,,
iter15,transformer,2,0.1212121212121212,0.8197879858657244,0.2111970869367319,,,
iter15,transformer,Accuracy,0.2646947288585514,,,,,
iter15,transformer,MacroAUC,0.546804725037981,,,,,
iter15,transformer,MicroAUC,0.5396999454540409,,,,,
iter16,clinicalbert_transformer,0,0.6575,0.7442,0.6982,,,
iter16,clinicalbert_transformer,1,0.3814,0.3594,0.3701,,,
iter16,clinicalbert_transformer,2,0.1935,0.0886,0.1215,,,
iter16,clinicalbert_transformer,Accuracy,0.5611,,,,,
iter16,clinicalbert_transformer,MacroAUC,0.5943,,,,,
iter16,clinicalbert_transformer,MicroAUC,0.7101,,,,,
iter16,gru,0,0.8055555555555556,0.1407766990291262,0.2396694214876033,,,
iter16,gru,1,0.3407079646017699,0.3271954674220963,0.3338150289017341,,,
iter16,gru,2,0.1310592459605027,0.773851590106007,0.2241555783009212,,,
iter16,gru,Accuracy,0.2586272279105043,,,,,
iter16,gru,MacroAUC,0.5910445728061384,,,,,
iter16,gru,MicroAUC,0.4464659381121231,,,,,
iter16,lstm,0,0.6732429099876696,0.662621359223301,0.6678899082568808,,,
iter16,lstm,1,0.4317617866004963,0.2464589235127478,0.3137962128043282,,,
iter16,lstm,2,0.1454248366013072,0.3144876325088339,0.1988826815642458,,,
iter16,lstm,Accuracy,0.5138414865377323,,,,,
iter16,lstm,MacroAUC,0.6200521917732297,,,,,
iter16,lstm,MicroAUC,0.6650406419885388,,,,,
iter16,tabular_rf,0,0.6755593803786575,0.6566290255123379,0.6659597030752916,,,
iter16,tabular_rf,1,0.3900900900900901,0.382171226831421,0.3860900579580918,,,
iter16,tabular_rf,2,0.2013769363166953,0.2382892057026476,0.2182835820895522,,,
iter16,tabular_rf,Accuracy,0.5280199252801993,,,,,
iter16,tabular_rf,MacroAUC,0.6302519068024787,,,,,
iter16,tabular_xgb,0,0.6619774919614148,0.6888331242158093,0.6751383480221357,,,
iter16,tabular_xgb,1,0.3826086956521739,0.3495145631067961,0.3653136531365313,,,
iter16,tabular_xgb,2,0.1991869918699187,0.1995926680244399,0.1993896236012207,,,
iter16,tabular_xgb,Accuracy,0.5332503113325031,,,,,
iter16,tabular_xgb,MacroAUC,0.6432031188896404,,,,,
iter16,tfidf,0,0.8136042402826855,0.6787030213706706,0.7400562474889514,,,
iter16,tfidf,1,0.5455801104972375,0.6486042692939245,0.5926481620405101,,,
iter16,tfidf,2,0.275058275058275,0.3699059561128526,0.3155080213903743,,,
iter16,tfidf,Accuracy,0.6275711159737418,,,,,
iter16,tfidf,MacroAUC,0.7730535599932461,,,,,
iter16,transformer,0,0.7258485639686684,0.1686893203883495,0.2737567700640079,,,
iter16,transformer,1,0.0,0.0,0.0,,,
iter16,transformer,2,0.1188997338065661,0.9469964664310954,0.2112731572723689,,,
iter16,transformer,Accuracy,0.2070534698521046,,,,,
iter16,transformer,MacroAUC,0.5416753942472828,,,,,
iter16,transformer,MicroAUC,0.3884392406477696,,,,,
iter17,clinicalbert_transformer,0,0.7445,0.5089,0.6046,,,
iter17,clinicalbert_transformer,1,0.3614,0.7468,0.4871,,,
iter17,clinicalbert_transformer,2,0.2,0.0294,0.0513,,,
iter17,clinicalbert_transformer,Accuracy,0.5176,,,,,
iter17,clinicalbert_transformer,MacroAUC,0.6399,,,,,
iter17,clinicalbert_transformer,MicroAUC,0.5978,,,,,
iter17,gru,0,0.7820343461030383,0.3592233009708738,0.4923076923076923,,,
iter17,gru,1,0.4158964879852125,0.6373937677053825,0.5033557046979866,,,
iter17,gru,2,0.1365914786967418,0.3851590106007067,0.2016651248843663,,,
iter17,gru,Accuracy,0.4364808494501327,,,,,
iter17,gru,MacroAUC,0.6614917208206074,,,,,
iter17,gru,MicroAUC,0.6096918807627921,,,,,
iter17,lstm,0,0.6604127579737336,0.6407766990291263,0.6504465660609794,,,
iter17,lstm,1,0.3157894736842105,0.1614730878186968,0.2136832239925023,,,
iter17,lstm,2,0.155096011816839,0.3710247349823322,0.21875,,,
iter17,lstm,Accuracy,0.4835039817974971,,,,,
iter17,lstm,MacroAUC,0.5775885277709388,,,,,
iter17,lstm,MicroAUC,0.5822881806974031,,,,,
iter17,tabular_rf,0,0.6799031476997579,0.5876935956467141,0.6304445442299057,,,
iter17,tabular_rf,1,0.3837111670864819,0.4026431718061674,0.3929492691315563,,,
iter17,tabular_rf,2,0.2128514056224899,0.3319415448851774,0.2593800978792822,,,
iter17,tabular_rf,Accuracy,0.5046215338496128,,,,,
iter17,tabular_rf,MacroAUC,0.6410904920064778,,,,,
iter17,tabular_xgb,0,0.8125,0.0326496442025952,0.0627766599597585,,,
iter17,tabular_xgb,1,0.305959805959806,0.7779735682819383,0.4391942302909724,,,
iter17,tabular_xgb,2,0.1704211557296767,0.3632567849686847,0.232,,,
iter17,tabular_xgb,Accuracy,0.2835373469897577,,,,,
iter17,tabular_xgb,MacroAUC,0.5781775910421638,,,,,
iter17,tfidf,0,0.8166089965397924,0.6875455207574654,0.7465401344404903,,,
iter17,tfidf,1,0.5331529093369418,0.635483870967742,0.5798381162619574,,,
iter17,tfidf,2,0.2857142857142857,0.3766233766233766,0.3249299719887955,,,
iter17,tfidf,Accuracy,0.6318991742720557,,,,,
iter17,tfidf,MacroAUC,0.7787410435930248,,,,,
iter17,transformer,0,0.7338709677419355,0.1656553398058252,0.2702970297029703,,,
iter17,transformer,1,0.2737306843267108,0.8781869688385269,0.4173678895994615,,,
iter17,transformer,2,0.0,0.0,0.0,,,
iter17,transformer,Accuracy,0.3386423966628745,,,,,
iter17,transformer,MacroAUC,0.5557429593139073,,,,,
iter17,transformer,MicroAUC,0.4470813957150432,,,,,
iter18,clinicalbert_transformer,0,0.7384,0.5102,0.6034,,,
iter18,clinicalbert_transformer,1,0.3632,0.7118,0.481,,,
iter18,clinicalbert_transformer,2,0.1042,0.0376,0.0552,,,
iter18,clinicalbert_transformer,Accuracy,0.5099,,,,,
iter18,clinicalbert_transformer,MacroAUC,0.6241,,,,,
iter18,clinicalbert_transformer,MicroAUC,0.6281,,,,,
iter18,gru,0,0.7157561361836896,0.5485436893203883,0.6210924081071797,,,
iter18,gru,1,0.3436426116838488,0.28328611898017,0.3105590062111801,,,
iter18,gru,2,0.154040404040404,0.431095406360424,0.2269767441860465,,,
iter18,gru,Accuracy,0.4649222601441031,,,,,
iter18,gru,MacroAUC,0.615230158698176,,,,,
iter18,gru,MicroAUC,0.6294431839769196,,,,,
iter18,lstm,0,0.6638554216867469,0.6686893203883495,0.6662636033857315,,,
iter18,lstm,1,0.3922651933701657,0.2011331444759206,0.2659176029962546,,,
iter18,lstm,2,0.1577235772357723,0.342756183745583,0.2160356347438752,,,
iter18,lstm,Accuracy,0.5085324232081911,,,,,
iter18,lstm,MacroAUC,0.5900673551296931,,,,,
iter18,lstm,MicroAUC,0.6312165028777919,,,,,
iter18,tabular_rf,0,0.6623430962343096,0.6648467030659386,0.6635925382519388,,,
iter18,tabular_rf,1,0.3878902554399243,0.3634751773049645,0.3752860411899313,,,
iter18,tabular_rf,2,0.2202166064981949,0.2479674796747967,0.2332695984703633,,,
iter18,tabular_rf,Accuracy,0.5286178455386153,,,,,
iter18,tabular_rf,MacroAUC,0.6366560023723137,,,,,
iter18,tabular_xgb,0,0.7816091954022989,0.0285594288114237,0.0551053484602917,,,
iter18,tabular_xgb,1,0.323959938366718,0.7455673758865248,0.4516648764769065,,,
iter18,tabular_xgb,2,0.1540212443095599,0.4126016260162601,0.2243093922651933,,,
iter18,tabular_xgb,Accuracy,0.2779305173706573,,,,,
iter18,tabular_xgb,MacroAUC,0.5876652332062992,,,,,
iter18,tfidf,0,0.813953488372093,0.6745737583395107,0.7377381434941224,,,
iter18,tfidf,1,0.5275908479138627,0.6384364820846905,0.5777450257921887,,,
iter18,tfidf,2,0.3044554455445544,0.4072847682119205,0.348441926345609,,,
iter18,tfidf,Accuracy,0.6291390728476821,,,,,
iter18,tfidf,MacroAUC,0.782043990432157,,,,,
iter18,transformer,0,0.6907894736842105,0.0637135922330097,0.1166666666666666,,,
iter18,transformer,1,0.2670573461699456,0.9036827195467422,0.4122778675282714,,,
iter18,transformer,2,0.1770833333333333,0.0600706713780918,0.0897097625329815,,,
iter18,transformer,Accuracy,0.2882062950322336,,,,,
iter18,transformer,MacroAUC,0.5437604062111407,,,,,
iter18,transformer,MicroAUC,0.5687529669162148,,,,,
iter19,clinicalbert_transformer,0,0.6497,0.7266,0.686,,,
iter19,clinicalbert_transformer,1,0.3849,0.2995,0.3369,,,
iter19,clinicalbert_transformer,2,0.1895,0.1728,0.1808,,,
iter19,clinicalbert_transformer,Accuracy,0.543,,,,,
iter19,clinicalbert_transformer,MacroAUC,0.5917,,,,,
iter19,clinicalbert_transformer,MicroAUC,0.7093,,,,,
iter19,gru,0,0.7084019769357496,0.7827669902912622,0.7437301816085328,,,
iter19,gru,1,0.4418262150220913,0.4249291784702549,0.4332129963898917,,,
iter19,gru,2,0.2408759124087591,0.1166077738515901,0.1571428571428571,,,
iter19,gru,Accuracy,0.6154721274175199,,,,,
iter19,gru,MacroAUC,0.6716173224307201,,,,,
iter19,gru,MicroAUC,0.7563194865978435,,,,,
iter19,lstm,0,0.6509330406147091,0.7196601941747572,0.6835734870317003,,,
iter19,lstm,1,0.3504273504273504,0.1742209631728045,0.2327341532639545,,,
iter19,lstm,2,0.1357758620689655,0.2226148409893993,0.1686746987951807,,,
iter19,lstm,Accuracy,0.5202882062950323,,,,,
iter19,lstm,MacroAUC,0.5730780193513186,,,,,
iter19,lstm,MicroAUC,0.6939325637650604,,,,,
iter19,tabular_rf,0,0.6973044631020769,0.6599749058971142,0.6781263429308122,,,
iter19,tabular_rf,1,0.4114441416893733,0.4334928229665071,0.4221808014911463,,,
iter19,tabular_rf,2,0.2536231884057971,0.2916666666666667,0.2713178294573643,,,
iter19,tabular_rf,Accuracy,0.5543922369765066,,,,,
iter19,tabular_rf,MacroAUC,0.6621172527884709,,,,,
iter19,tabular_xgb,0,0.7541899441340782,0.1129234629861982,0.1964350672971989,,,
iter19,tabular_xgb,1,0.303066037735849,0.4918660287081339,0.3750456037942357,,,
iter19,tabular_xgb,2,0.1761546723952739,0.6833333333333333,0.2801024765157984,,,
iter19,tabular_xgb,Accuracy,0.2839632277834525,,,,,
iter19,tabular_xgb,MacroAUC,0.5955546083049283,,,,,
iter19,tfidf,0,0.8211453744493392,0.6873156342182891,0.7482938578883982,,,
iter19,tfidf,1,0.5348525469168901,0.6404494382022472,0.5829072315558802,,,
iter19,tfidf,2,0.2916666666666667,0.3838709677419354,0.3314763231197771,,,
iter19,tfidf,Accuracy,0.6334643949322848,,,,,
iter19,tfidf,MacroAUC,0.7768867128740672,,,,,
iter19,transformer,0,0.7313829787234043,0.1668689320388349,0.2717391304347826,,,
iter19,transformer,1,0.2740213523131672,0.8725212464589235,0.4170616113744075,,,
iter19,transformer,2,0.3076923076923077,0.0141342756183745,0.027027027027027,,,
iter19,transformer,Accuracy,0.3394008342813803,,,,,
iter19,transformer,MacroAUC,0.5705903177179615,,,,,
iter19,transformer,MicroAUC,0.4500647059170357,,,,,
iter2,clinicalbert_transformer,0,0.7045,0.5513,0.6185,,,
iter2,clinicalbert_transformer,1,0.354,0.6304,0.4534,,,
iter2,clinicalbert_transformer,2,0.241,0.0735,0.1127,,,
iter2,clinicalbert_transformer,Accuracy,0.5158,,,,,
iter2,clinicalbert_transformer,MacroAUC,0.6056,,,,,
iter2,clinicalbert_transformer,MicroAUC,0.6173,,,,,
iter2,gru,0,0.6506596306068602,0.7481796116504854,0.6960203217612193,,,
iter2,gru,1,0.3218884120171674,0.2124645892351274,0.2559726962457337,,,
iter2,gru,2,0.181159420289855,0.1766784452296819,0.1788908765652951,,,
iter2,gru,Accuracy,0.5434205536594615,,,,,
iter2,gru,MacroAUC,0.5854655597418689,,,,,
iter2,gru,MicroAUC,0.655393391698804,,,,,
iter2,lstm,0,0.6501672240802676,0.5898058252427184,0.6185173401209036,,,
iter2,lstm,1,0.2922899884925201,0.3597733711048159,0.3225396825396825,,,
iter2,lstm,2,0.2014652014652014,0.1943462897526501,0.197841726618705,,,
iter2,lstm,Accuracy,0.4857792946530148,,,,,
iter2,lstm,MacroAUC,0.5636848131760352,,,,,
iter2,lstm,MicroAUC,0.6046257791997405,,,,,
iter2,tabular_rf,0,0.6949229374433363,0.63875,0.6656534954407295,,,
iter2,tabular_rf,1,0.3727598566308244,0.388422035480859,0.3804298125285779,,,
iter2,tabular_rf,2,0.2251552795031056,0.2929292929292929,0.2546093064091308,,,
iter2,tabular_rf,Accuracy,0.5279878971255674,,,,,
iter2,tabular_rf,MacroAUC,0.6389675914564003,,,,,
iter2,tabular_xgb,0,0.7315436241610739,0.0454166666666666,0.0855237347979599,,,
iter2,tabular_xgb,1,0.2509403546480387,0.4360410830999066,0.3185538881309686,,,
iter2,tabular_xgb,2,0.1692229038854805,0.6686868686868687,0.270093839249286,,,
iter2,tabular_xgb,Accuracy,0.2286938981341401,,,,,
iter2,tabular_xgb,MacroAUC,0.5677159057826359,,,,,
iter2,tfidf,0,0.8197879858657244,0.6909903201787044,0.74989898989899,,,
iter2,tfidf,1,0.5458392101551481,0.6252019386106623,0.5828313253012049,,,
iter2,tfidf,2,0.2900232018561485,0.4032258064516129,0.3373819163292847,,,
iter2,tfidf,Accuracy,0.6338028169014085,,,,,
iter2,tfidf,MacroAUC,0.7735978255374749,,,,,
iter2,transformer,0,0.7274881516587678,0.1862864077669903,0.2966183574879227,,,
iter2,transformer,1,0.0,0.0,0.0,,,
iter2,transformer,2,0.1205417607223476,0.9434628975265018,0.2137710168134507,,,
iter2,transformer,Accuracy,0.2176715965111869,,,,,
iter2,transformer,MacroAUC,0.5489396650189079,,,,,
iter2,transformer,MicroAUC,0.5158153801197595,,,,,
iter20,clinicalbert_transformer,0,0.7092,0.5324,0.6082,,,
iter20,clinicalbert_transformer,1,0.3646,0.6395,0.4644,,,
iter20,clinicalbert_transformer,2,0.2214,0.109,0.1461,,,
iter20,clinicalbert_transformer,Accuracy,0.5131,,,,,
iter20,clinicalbert_transformer,MacroAUC,0.6129,,,,,
iter20,clinicalbert_transformer,MicroAUC,0.6053,,,,,
iter20,gru,0,0.7837837837837838,0.1407766990291262,0.2386831275720164,,,
iter20,gru,1,0.3690036900369003,0.28328611898017,0.3205128205128205,,,
iter20,gru,2,0.1211784324624791,0.7703180212014135,0.2094140249759846,,,
iter20,gru,Accuracy,0.2464922260144103,,,,,
iter20,gru,MacroAUC,0.5967894193064659,,,,,
iter20,gru,MicroAUC,0.4554582198517092,,,,,
iter20,lstm,0,0.6718659734257655,0.7057038834951457,0.6883693400414324,,,
iter20,lstm,1,0.4021352313167259,0.160056657223796,0.2289766970618034,,,
iter20,lstm,2,0.144,0.3180212014134275,0.198237885462555,,,
iter20,lstm,Accuracy,0.5180128934395146,,,,,
iter20,lstm,MacroAUC,0.5826866112576321,,,,,
iter20,lstm,MicroAUC,0.6105901346449673,,,,,
iter20,tabular_rf,0,0.6852607709750567,0.63917089678511,0.6614138761216897,,,
iter20,tabular_rf,1,0.3983666061705989,0.3871252204585538,0.3926654740608229,,,
iter20,tabular_rf,2,0.2039877300613496,0.2885032537960954,0.2389937106918239,,,
iter20,tabular_rf,Accuracy,0.5261429653953018,,,,,
iter20,tabular_rf,MacroAUC,0.6379363782599691,,,,,
iter20,tabular_xgb,0,0.775609756097561,0.0672588832487309,0.123783573374854,,,
iter20,tabular_xgb,1,0.3162605668821482,0.5608465608465608,0.4044515103338633,,,
iter20,tabular_xgb,2,0.1572002294893861,0.5943600867678959,0.248638838475499,,,
iter20,tabular_xgb,Accuracy,0.2700176812326345,,,,,
iter20,tabular_xgb,MacroAUC,0.5836383465594827,,,,,
iter20,tfidf,0,0.8176211453744493,0.6793557833089312,0.7421031587365055,,,
iter20,tfidf,1,0.5405046480743692,0.6491228070175439,0.5898550724637681,,,
iter20,tfidf,2,0.292079207920792,0.3946488294314381,0.3357041251778094,,,
iter20,tfidf,Accuracy,0.6339441535776614,,,,,
iter20,tfidf,MacroAUC,0.7799614398478578,,,,,
iter20,transformer,0,0.7308707124010554,0.1680825242718446,0.273310310804144,,,
iter20,transformer,1,0.375,0.0042492917847025,0.0084033613445378,,,
iter20,transformer,2,0.1168888888888888,0.9293286219081272,0.2076589024871693,,,
iter20,transformer,Accuracy,0.2059158134243458,,,,,
iter20,transformer,MacroAUC,0.5557307216880499,,,,,
iter20,transformer,MicroAUC,0.3872286741190281,,,,,
iter21,clinicalbert_transformer,0,0.7161,0.5226,0.6042,,,
iter21,clinicalbert_transformer,1,0.3464,0.6352,0.4483,,,
iter21,clinicalbert_transformer,2,0.2222,0.1037,0.1414,,,
iter21,clinicalbert_transformer,Accuracy,0.5039,,,,,
iter21,clinicalbert_transformer,MacroAUC,0.6041,,,,,
iter21,clinicalbert_transformer,MicroAUC,0.6326,,,,,
iter21,gru,0,0.6961770623742455,0.4199029126213592,0.5238455715367146,,,
iter21,gru,1,0.3144171779141104,0.5807365439093485,0.4079601990049751,,,
iter21,gru,2,0.1504424778761062,0.1802120141342756,0.1639871382636656,,,
iter21,gru,Accuracy,0.4372392870686386,,,,,
iter21,gru,MacroAUC,0.5859529282708272,,,,,
iter21,gru,MicroAUC,0.665057035975742,,,,,
iter21,lstm,0,0.675796178343949,0.6438106796116505,0.6594157862026103,,,
iter21,lstm,1,0.3329383886255924,0.3980169971671388,0.3625806451612903,,,
iter21,lstm,2,0.1390134529147982,0.1095406360424028,0.1225296442687747,,,
iter21,lstm,Accuracy,0.5206674251042852,,,,,
iter21,lstm,MacroAUC,0.5873844223988963,,,,,
iter21,lstm,MicroAUC,0.6929621907198815,,,,,
iter21,tabular_rf,0,0.6761412575366064,0.6538942107455227,0.6648316747829769,,,
iter21,tabular_rf,1,0.394429469901168,0.3998178506375228,0.397105382180009,,,
iter21,tabular_rf,2,0.2237093690248566,0.2549019607843137,0.2382892057026476,,,
iter21,tabular_rf,Accuracy,0.5371399696816574,,,,,
iter21,tabular_rf,MacroAUC,0.6365797136169135,,,,,
iter21,tabular_xgb,0,0.7844827586206896,0.0379008746355685,0.0723083035359555,,,
iter21,tabular_xgb,1,0.2963090720938254,0.7823315118397086,0.4298223667750813,,,
iter21,tabular_xgb,2,0.1548250265111346,0.3180827886710239,0.2082738944365192,,,
iter21,tabular_xgb,Accuracy,0.2769075290550783,,,,,
iter21,tabular_xgb,MacroAUC,0.5720545444244519,,,,,
iter21,tfidf,0,0.8243727598566308,0.6730065837600585,0.7410390656463954,,,
iter21,tfidf,1,0.5402597402597402,0.6698872785829307,0.5981308411214953,,,
iter21,tfidf,2,0.3044554455445544,0.4072847682119205,0.348441926345609,,,
iter21,tfidf,Accuracy,0.637117903930131,,,,,
iter21,tfidf,MacroAUC,0.7857861035321071,,,,,
iter21,transformer,0,0.8009708737864077,0.1001213592233009,0.1779935275080906,,,
iter21,transformer,1,0.3333333333333333,0.0821529745042493,0.1318181818181818,,,
iter21,transformer,2,0.1191847585290208,0.950530035335689,0.2118110236220472,,,
iter21,transformer,Accuracy,0.1865756541524459,,,,,
iter21,transformer,MacroAUC,0.5451830251519857,,,,,
iter21,transformer,MicroAUC,0.3903569776332806,,,,,
iter22,clinicalbert_transformer,0,0.6707,0.6859,0.6782,,,
iter22,clinicalbert_transformer,1,0.3619,0.4199,0.3887,,,
iter22,clinicalbert_transformer,2,0.1643,0.0849,0.1119,,,
iter22,clinicalbert_transformer,Accuracy,0.5406,,,,,
iter22,clinicalbert_transformer,MacroAUC,0.6145,,,,,
iter22,clinicalbert_transformer,MicroAUC,0.7006,,,,,
iter22,gru,0,0.7585114806017419,0.5813106796116505,0.6581930608038474,,,
iter22,gru,1,0.4458204334365325,0.2039660056657223,0.2798833819241982,,,
iter22,gru,2,0.1569933396764985,0.5830388692579506,0.2473763118440779,,,
iter22,gru,Accuracy,0.4804702313234736,,,,,
iter22,gru,MacroAUC,0.6613196043548876,,,,,
iter22,gru,MicroAUC,0.675502378638117,,,,,
iter22,lstm,0,0.6710291493158834,0.6844660194174758,0.6776809852808652,,,
iter22,lstm,1,0.3597733711048159,0.1798866855524079,0.2398489140698772,,,
iter22,lstm,2,0.1525704809286898,0.3250883392226148,0.2076749435665914,,,
iter22,lstm,Accuracy,0.5108077360637088,,,,,
iter22,lstm,MacroAUC,0.5929858377734883,,,,,
iter22,lstm,MicroAUC,0.6309971613954966,,,,,
iter22,tabular_rf,0,0.6740027510316369,0.6142916840785625,0.6427634455618715,,,
iter22,tabular_rf,1,0.4058091286307054,0.4168797953964194,0.4112699747687132,,,
iter22,tabular_rf,2,0.2180451127819548,0.2989690721649484,0.2521739130434782,,,
iter22,tabular_rf,Accuracy,0.5193779313749691,,,,,
iter22,tabular_rf,MacroAUC,0.6387935406875961,,,,,
iter22,tabular_xgb,0,0.8787878787878788,0.0242373589636439,0.0471736478243188,,,
iter22,tabular_xgb,1,0.3015177065767285,0.7621483375959079,0.4320927984533591,,,
iter22,tabular_xgb,2,0.1784313725490196,0.3752577319587629,0.241860465116279,,,
iter22,tabular_xgb,Accuracy,0.2799308812638854,,,,,
iter22,tabular_xgb,MacroAUC,0.5594771498791296,,,,,
iter22,tfidf,0,0.804986642920748,0.6731198808637379,0.7331711273317113,,,
iter22,tfidf,1,0.5284015852047557,0.6557377049180327,0.5852231163130943,,,
iter22,tfidf,2,0.2838541666666667,0.3504823151125402,0.3136690647482014,,,
iter22,tfidf,Accuracy,0.6241166077738516,,,,,
iter22,tfidf,MacroAUC,0.77738227027407,,,,,
iter22,transformer,0,0.7348484848484849,0.1765776699029126,0.2847358121330724,,,
iter22,transformer,1,0.2739848282016957,0.8696883852691218,0.4166949440108585,,,
iter22,transformer,2,0.0,0.0,0.0,,,
iter22,transformer,Accuracy,0.3431930223739097,,,,,
iter22,transformer,MacroAUC,0.5511477672952548,,,,,
iter22,transformer,MicroAUC,0.4511610538112497,,,,,
iter23,clinicalbert_transformer,0,0.7137,0.5101,0.595,,,
iter23,clinicalbert_transformer,1,0.35,0.6905,0.4645,,,
iter23,clinicalbert_transformer,2,0.1731,0.0335,0.0561,,,
iter23,clinicalbert_transformer,Accuracy,0.5037,,,,,
iter23,clinicalbert_transformer,MacroAUC,0.6087,,,,,
iter23,clinicalbert_transformer,MicroAUC,0.6176,,,,,
iter23,gru,0,0.6776532630191167,0.6237864077669902,0.6496050552922591,,,
iter23,gru,1,0.3339622641509434,0.5014164305949008,0.4009060022650056,,,
iter23,gru,2,0.1166666666666666,0.0247349823321554,0.0408163265306122,,,
iter23,gru,Accuracy,0.5267349260523322,,,,,
iter23,gru,MacroAUC,0.5861399038752277,,,,,
iter23,gru,MicroAUC,0.6587023166861021,,,,,
iter23,lstm,0,0.6643638457109959,0.7002427184466019,0.6818316100443131,,,
iter23,lstm,1,0.3804878048780488,0.1104815864022662,0.1712403951701427,,,
iter23,lstm,2,0.1424460431654676,0.3498233215547703,0.2024539877300613,,,
iter23,lstm,Accuracy,0.5047402351156617,,,,,
iter23,lstm,MacroAUC,0.5893468313746286,,,,,
iter23,lstm,MicroAUC,0.6367762216432556,,,,,
iter23,tabular_rf,0,0.6680923866552609,0.657130837189735,0.6625662778366914,,,
iter23,tabular_rf,1,0.3890410958904109,0.3672413793103448,0.3778270509977827,,,
iter23,tabular_rf,2,0.2182468694096601,0.2681318681318681,0.2406311637080868,,,
iter23,tabular_rf,Accuracy,0.5285571142284569,,,,,
iter23,tabular_rf,MacroAUC,0.6325004162043527,,,,,
iter23,tabular_xgb,0,0.8444444444444444,0.0479596129575094,0.090764331210191,,,
iter23,tabular_xgb,1,0.3155893536121673,0.5008620689655172,0.3872042652449183,,,
iter23,tabular_xgb,2,0.1577380952380952,0.6989010989010989,0.2573856738162687,,,
iter23,tabular_xgb,Accuracy,0.2537575150300601,,,,,
iter23,tabular_xgb,MacroAUC,0.5815722820085573,,,,,
iter23,tfidf,0,0.8288770053475936,0.6853352984524687,0.7503025413473174,,,
iter23,tfidf,1,0.5376623376623376,0.667741935483871,0.5956834532374101,,,
iter23,tfidf,2,0.3113924050632911,0.3967741935483871,0.3489361702127659,,,
iter23,tfidf,Accuracy,0.6414516834280717,,,,,
iter23,tfidf,MacroAUC,0.7768940380597096,,,,,
iter23,transformer,0,0.7248677248677249,0.1662621359223301,0.2704837117472853,,,
iter23,transformer,1,0.5,0.0028328611898017,0.0056338028169014,,,
iter23,transformer,2,0.1188470066518847,0.9469964664310954,0.2111899133175729,,,
iter23,transformer,Accuracy,0.2062950322335988,,,,,
iter23,transformer,MacroAUC,0.5498273979927487,,,,,
iter23,transformer,MicroAUC,0.3874786824238768,,,,,
iter24,clinicalbert_transformer,0,0.6931,0.5517,0.6144,,,
iter24,clinicalbert_transformer,1,0.3485,0.5584,0.4292,,,
iter24,clinicalbert_transformer,2,0.1921,0.1259,0.1521,,,
iter24,clinicalbert_transformer,Accuracy,0.5024,,,,,
iter24,clinicalbert_transformer,MacroAUC,0.6016,,,,,
iter24,clinicalbert_transformer,MicroAUC,0.6336,,,,,
iter24,gru,0,0.7711442786069652,0.5643203883495146,0.6517168885774351,,,
iter24,gru,1,0.4144893111638955,0.4943342776203966,0.4509043927648579,,,
iter24,gru,2,0.2190152801358234,0.4558303886925795,0.2958715596330275,,,
iter24,gru,Accuracy,0.533940083428138,,,,,
iter24,gru,MacroAUC,0.6849792425343649,,,,,
iter24,gru,MicroAUC,0.7315713607972885,,,,,
iter24,lstm,0,0.6578313253012048,0.662621359223301,0.660217654171705,,,
iter24,lstm,1,0.3471074380165289,0.178470254957507,0.235734331150608,,,
iter24,lstm,2,0.1482084690553746,0.3215547703180212,0.2028985507246377,,,
iter24,lstm,Accuracy,0.4963974213120971,,,,,
iter24,lstm,MacroAUC,0.5878983209158374,,,,,
iter24,lstm,MicroAUC,0.6649703204118516,,,,,
iter24,tabular_rf,0,0.6948083454633673,0.5910028889806026,0.6387154326494202,,,
iter24,tabular_rf,1,0.3422114608555286,0.3858052775250227,0.3627031650983747,,,
iter24,tabular_rf,2,0.2102272727272727,0.3070539419087137,0.2495784148397976,,,
iter24,tabular_rf,Accuracy,0.5004995004995005,,,,,
iter24,tabular_rf,MacroAUC,0.6419650581100931,,,,,
iter24,tabular_xgb,0,0.913978494623656,0.035080478745357,0.0675675675675675,,,
iter24,tabular_xgb,1,0.2770083102493075,0.818926296633303,0.4139834406623735,,,
iter24,tabular_xgb,2,0.1570996978851963,0.2157676348547718,0.1818181818181818,,,
iter24,tabular_xgb,Accuracy,0.2719780219780219,,,,,
iter24,tabular_xgb,MacroAUC,0.5638815445972188,,,,,
iter24,tfidf,0,0.7979094076655052,0.6861423220973782,0.7378171566653242,,,
iter24,tfidf,1,0.541727672035139,0.6187290969899666,0.5776736924277908,,,
iter24,tfidf,2,0.3110047846889952,0.4113924050632911,0.3542234332425068,,,
iter24,tfidf,Accuracy,0.629613161405069,,,,,
iter24,tfidf,MacroAUC,0.7714783341311685,,,,,
iter24,transformer,0,0.7330097087378641,0.183252427184466,0.2932038834951456,,,
iter24,transformer,1,0.0,0.0,0.0,,,
iter24,transformer,2,0.1215121512151215,0.9540636042402828,0.2155688622754491,,,
iter24,transformer,Accuracy,0.2169131588926811,,,,,
iter24,transformer,MacroAUC,0.5563624552640828,,,,,
iter24,transformer,MicroAUC,0.4020280225011788,,,,,
iter25,clinicalbert_transformer,0,0.7525,0.4325,0.5493,,,
iter25,clinicalbert_transformer,1,0.3366,0.7812,0.4705,,,
iter25,clinicalbert_transformer,2,0.1957,0.0331,0.0566,,,
iter25,clinicalbert_transformer,Accuracy,0.4793,,,,,
iter25,clinicalbert_transformer,MacroAUC,0.6225,,,,,
iter25,clinicalbert_transformer,MicroAUC,0.608,,,,,
iter25,gru,0,0.6506078343088699,0.8768203883495146,0.7469630395451021,,,
iter25,gru,1,0.4117647058823529,0.1487252124645892,0.218522372528616,,,
iter25,gru,2,0.217391304347826,0.1236749116607773,0.1576576576576576,,,
iter25,gru,Accuracy,0.6010618126659082,,,,,
iter25,gru,MacroAUC,0.6276695072390934,,,,,
iter25,gru,MicroAUC,0.7501470425606602,,,,,
iter25,lstm,0,0.6685920577617328,0.5618932038834952,0.6106165512693703,,,
iter25,lstm,1,0.3186968838526912,0.3186968838526912,0.3186968838526912,,,
iter25,lstm,2,0.141025641025641,0.2720848056537102,0.1857659831121833,,,
iter25,lstm,Accuracy,0.465680697762609,,,,,
iter25,lstm,MacroAUC,0.5714536227260987,,,,,
iter25,lstm,MicroAUC,0.6166515597512658,,,,,
iter25,tabular_rf,0,0.6748387096774193,0.6625844594594594,0.6686554442787129,,,
iter25,tabular_rf,1,0.4003777148253069,0.3795881826320501,0.3897058823529412,,,
iter25,tabular_rf,2,0.2472527472527472,0.3033707865168539,0.272452068617558,,,
iter25,tabular_rf,Accuracy,0.5414758269720101,,,,,
iter25,tabular_rf,MacroAUC,0.6515964375809953,,,,,
iter25,tabular_xgb,0,0.6827820186598813,0.6798986486486487,0.6813372831146848,,,
iter25,tabular_xgb,1,0.4253875968992248,0.3930170098478066,0.4085621219171708,,,
iter25,tabular_xgb,2,0.2296296296296296,0.2786516853932584,0.2517766497461929,,,
iter25,tabular_xgb,Accuracy,0.5529262086513995,,,,,
iter25,tabular_xgb,MacroAUC,0.658778335812678,,,,,
iter25,tfidf,0,0.8272484416740873,0.6901931649331352,0.7525313892264075,,,
iter25,tfidf,1,0.5261707988980716,0.6181229773462783,0.5684523809523809,,,
iter25,tfidf,2,0.2870588235294117,0.3935483870967742,0.3319727891156462,,,
iter25,tfidf,Accuracy,0.6301671064204045,,,,,
iter25,tfidf,MacroAUC,0.7719839834989909,,,,,
iter25,transformer,0,0.7091836734693877,0.1686893203883495,0.2725490196078431,,,
iter25,transformer,1,0.0,0.0,0.0,,,
iter25,transformer,2,0.1202672605790645,0.9540636042402828,0.2136075949367088,,,
iter25,transformer,Accuracy,0.2078119074706105,,,,,
iter25,transformer,MacroAUC,0.5627897417073061,,,,,
iter25,transformer,MicroAUC,0.3858719278710582,,,,,
iter26,clinicalbert_transformer,0,0.6522,0.6981,0.6744,,,
iter26,clinicalbert_transformer,1,0.3163,0.1683,0.2197,,,
iter26,clinicalbert_transformer,2,0.1739,0.2985,0.2198,,,
iter26,clinicalbert_transformer,Accuracy,0.5089,,,,,
iter26,clinicalbert_transformer,MacroAUC,0.565,,,,,
iter26,clinicalbert_transformer,MicroAUC,0.675,,,,,
iter26,gru,0,0.7827586206896552,0.1377427184466019,0.2342621259029927,,,
iter26,gru,1,0.3569230769230769,0.1643059490084986,0.2250242483026188,,,
iter26,gru,2,0.1196834817012858,0.8551236749116607,0.2099783080260303,,,
iter26,gru,Accuracy,0.2218430034129692,,,,,
iter26,gru,MacroAUC,0.5847334604283071,,,,,
iter26,gru,MicroAUC,0.5119678982721457,,,,,
iter26,lstm,0,0.6763509587449158,0.7063106796116505,0.691006233303651,,,
iter26,lstm,1,0.3860182370820669,0.1798866855524079,0.2454106280193236,,,
iter26,lstm,2,0.1362862010221465,0.2826855123674912,0.1839080459770115,,,
iter26,lstm,Accuracy,0.5199089874857793,,,,,
iter26,lstm,MacroAUC,0.6025493256673508,,,,,
iter26,lstm,MicroAUC,0.6526179543784099,,,,,
iter26,tabular_rf,0,0.6898550724637681,0.601010101010101,0.6423751686909581,,,
iter26,tabular_rf,1,0.377906976744186,0.3991228070175439,0.3882252559726962,,,
iter26,tabular_rf,2,0.1948790896159317,0.2971800433839479,0.2353951890034364,,,
iter26,tabular_rf,Accuracy,0.507920543122957,,,,,
iter26,tabular_rf,MacroAUC,0.6379060506420958,,,,,
iter26,tabular_xgb,0,0.8658536585365854,0.0597643097643097,0.1118110236220472,,,
iter26,tabular_xgb,1,0.2907971262401642,0.7456140350877193,0.4184100418410041,,,
iter26,tabular_xgb,2,0.1505617977528089,0.2906724511930585,0.1983715766099185,,,
iter26,tabular_xgb,Accuracy,0.2831279859190344,,,,,
iter26,tabular_xgb,MacroAUC,0.5646533338998742,,,,,
iter26,tfidf,0,0.8193832599118943,0.6714801444043321,0.7380952380952381,,,
iter26,tfidf,1,0.5071895424836601,0.6308943089430894,0.5623188405797102,,,
iter26,tfidf,2,0.3147699757869249,0.4153354632587859,0.3581267217630854,,,
iter26,tfidf,Accuracy,0.6260268050151319,,,,,
iter26,tfidf,MacroAUC,0.7826975895762347,,,,,
iter26,transformer,0,0.6249525976488434,1.0,0.7691948658109685,,,
iter26,transformer,1,0.0,0.0,0.0,,,
iter26,transformer,2,0.0,0.0,0.0,,,
iter26,transformer,Accuracy,0.6249525976488434,,,,,
iter26,transformer,MacroAUC,0.5454139279456602,,,,,
iter26,transformer,MicroAUC,0.7550006694211441,,,,,
iter27,clinicalbert_transformer,0,0.7364,0.4857,0.5853,,,
iter27,clinicalbert_transformer,1,0.3488,0.6608,0.4566,,,
iter27,clinicalbert_transformer,2,0.2368,0.1648,0.1944,,,
iter27,clinicalbert_transformer,Accuracy,0.4952,,,,,
iter27,clinicalbert_transformer,MacroAUC,0.6221,,,,,
iter27,clinicalbert_transformer,MicroAUC,0.6063,,,,,
iter27,gru,0,0.7403846153846154,0.654126213592233,0.6945876288659794,,,
iter27,gru,1,0.4429530201342282,0.4674220963172804,0.4548587181254307,,,
iter27,gru,2,0.2018348623853211,0.3109540636042402,0.2447844228094575,,,
iter27,gru,Accuracy,0.5673113386423967,,,,,
iter27,gru,MacroAUC,0.6871376843085139,,,,,
iter27,gru,MicroAUC,0.742431190912439,,,,,
iter27,lstm,0,0.6727166276346604,0.6972087378640777,0.6847437425506555,,,
iter27,lstm,1,0.3859060402684564,0.1628895184135977,0.2290836653386454,,,
iter27,lstm,2,0.1521394611727416,0.3392226148409894,0.2100656455142232,,,
iter27,lstm,Accuracy,0.515737580583997,,,,,
iter27,lstm,MacroAUC,0.6029249606962667,,,,,
iter27,lstm,MicroAUC,0.6326701030764754,,,,,
iter27,tabular_rf,0,0.6833477135461605,0.6749041329356625,0.6790996784565917,,,
iter27,tabular_rf,1,0.4168987929433612,0.3907745865970409,0.403414195867026,,,
iter27,tabular_rf,2,0.2266187050359712,0.2769230769230769,0.2492581602373887,,,
iter27,tabular_rf,Accuracy,0.5464439382434827,,,,,
iter27,tabular_rf,MacroAUC,0.6519619637197421,,,,,
iter27,tabular_xgb,0,0.7655172413793103,0.0945888368129527,0.1683731513083048,,,
iter27,tabular_xgb,1,0.3199583116206357,0.5343777197563099,0.4002607561929596,,,
iter27,tabular_xgb,2,0.1555683122847302,0.5956043956043956,0.2467000455166135,,,
iter27,tabular_xgb,Accuracy,0.2801822323462414,,,,,
iter27,tabular_xgb,MacroAUC,0.5732810834561652,,,,,
iter27,tfidf,0,0.8147826086956522,0.6864468864468865,0.7451292246520875,,,
iter27,tfidf,1,0.5401360544217687,0.6465798045602605,0.5885841363973313,,,
iter27,tfidf,2,0.2992700729927007,0.3880126182965299,0.3379120879120879,,,
iter27,tfidf,Accuracy,0.634581881533101,,,,,
iter27,tfidf,MacroAUC,0.7770628742776845,,,,,
iter27,transformer,0,0.6249525976488434,1.0,0.7691948658109685,,,
iter27,transformer,1,0.0,0.0,0.0,,,
iter27,transformer,2,0.0,0.0,0.0,,,
iter27,transformer,Accuracy,0.6249525976488434,,,,,
iter27,transformer,MacroAUC,0.5456043855227701,,,,,
iter27,transformer,MicroAUC,0.6902590882728488,,,,,
iter28,clinicalbert_transformer,0,0.6561,0.7311,0.6916,,,
iter28,clinicalbert_transformer,1,0.3711,0.2783,0.3181,,,
iter28,clinicalbert_transformer,2,0.1771,0.1771,0.1771,,,
iter28,clinicalbert_transformer,Accuracy,0.5405,,,,,
iter28,clinicalbert_transformer,MacroAUC,0.604,,,,,
iter28,clinicalbert_transformer,MicroAUC,0.708,,,,,
iter28,gru,0,0.716919025674786,0.6608009708737864,0.6877170824123776,,,
iter28,gru,1,0.413232104121475,0.5396600566572238,0.4680589680589681,,,
iter28,gru,2,0.1836734693877551,0.127208480565371,0.150313152400835,,,
iter28,gru,Accuracy,0.571103526734926,,,,,
iter28,gru,MacroAUC,0.6449734317764059,,,,,
iter28,gru,MicroAUC,0.7011951000960774,,,,,
iter28,lstm,0,0.7732919254658385,0.1510922330097087,0.2527918781725888,,,
iter28,lstm,1,0.3239795918367347,0.1798866855524079,0.2313296903460837,,,
iter28,lstm,2,0.1216848673946957,0.8268551236749117,0.2121486854034451,,,
iter28,lstm,Accuracy,0.2313234736442927,,,,,
iter28,lstm,MacroAUC,0.5886418785674498,,,,,
iter28,lstm,MicroAUC,0.509137059341488,,,,,
iter28,tabular_rf,0,0.7062120504437179,0.6398645789250952,0.6714031971580817,,,
iter28,tabular_rf,1,0.4159592529711375,0.4180887372013652,0.4170212765957446,,,
iter28,tabular_rf,2,0.2359882005899705,0.3463203463203463,0.2807017543859649,,,
iter28,tabular_rf,Accuracy,0.5409056792594445,,,,,
iter28,tabular_rf,MacroAUC,0.6634416046416076,,,,,
iter28,tabular_xgb,0,0.7982456140350878,0.0385103681760473,0.0734759790068631,,,
iter28,tabular_xgb,1,0.2983392645314353,0.4291808873720136,0.3519944016794961,,,
iter28,tabular_xgb,2,0.1524806554392353,0.7251082251082251,0.2519744264761188,,,
iter28,tabular_xgb,Accuracy,0.232424318238679,,,,,
iter28,tabular_xgb,MacroAUC,0.5758941086685238,,,,,
iter28,tfidf,0,0.8130081300813008,0.6603081438004402,0.728744939271255,,,
iter28,tfidf,1,0.5258964143426295,0.631578947368421,0.5739130434782609,,,
iter28,tfidf,2,0.273972602739726,0.3896103896103896,0.3217158176943699,,,
iter28,tfidf,Accuracy,0.6161879895561357,,,,,
iter28,tfidf,MacroAUC,0.772308533735519,,,,,
iter28,transformer,0,0.7407407407407407,0.1699029126213592,0.2764067127344521,,,
iter28,transformer,1,0.0,0.0,0.0,,,
iter28,transformer,2,0.1190792386011509,0.950530035335689,0.2116443745082612,,,
iter28,transformer,Accuracy,0.2081911262798634,,,,,
iter28,transformer,MacroAUC,0.5600432894859637,,,,,
iter28,transformer,MicroAUC,0.5117157688154438,,,,,
iter29,clinicalbert_transformer,0,0.6344,0.6521,0.6431,,,
iter29,clinicalbert_transformer,1,0.3171,0.3186,0.3179,,,
iter29,clinicalbert_transformer,2,0.1747,0.1476,0.16,,,
iter29,clinicalbert_transformer,Accuracy,0.5009,,,,,
iter29,clinicalbert_transformer,MacroAUC,0.5622,,,,,
iter29,clinicalbert_transformer,MicroAUC,0.6591,,,,,
iter29,gru,0,0.7955357142857142,0.5406553398058253,0.6437861271676301,,,
iter29,gru,1,0.4121457489878543,0.7209631728045326,0.5244719216898506,,,
iter29,gru,2,0.2836879432624113,0.2826855123674912,0.2831858407079646,,,
iter29,gru,Accuracy,0.5612438376943496,,,,,
iter29,gru,MacroAUC,0.7079580615254218,,,,,
iter29,gru,MicroAUC,0.7401949216317079,,,,,
iter29,lstm,0,0.6551932367149759,0.658373786407767,0.6567796610169492,,,
iter29,lstm,1,0.3957446808510638,0.131728045325779,0.1976620616365568,,,
iter29,lstm,2,0.131367292225201,0.3462897526501767,0.1904761904761904,,,
iter29,lstm,Accuracy,0.4838832006067501,,,,,
iter29,lstm,MacroAUC,0.618527677963037,,,,,
iter29,lstm,MicroAUC,0.6220492440861927,,,,,
iter29,tabular_rf,0,0.688733552631579,0.6675966520526107,0.678000404776361,,,
iter29,tabular_rf,1,0.3939670932358318,0.3865470852017937,0.3902218198279764,,,
iter29,tabular_rf,2,0.2547770700636942,0.3018867924528302,0.2763385146804836,,,
iter29,tabular_rf,Accuracy,0.5454983148772268,,,,,
iter29,tabular_rf,MacroAUC,0.659455671133908,,,,,
iter29,tabular_xgb,0,0.7745098039215687,0.0314866480669589,0.0605132133282267,,,
iter29,tabular_xgb,1,0.2944312796208531,0.4457399103139013,0.3546200499464859,,,
iter29,tabular_xgb,2,0.1717428087986463,0.7660377358490567,0.2805805114029026,,,
iter29,tabular_xgb,Accuracy,0.2363986519017814,,,,,
iter29,tabular_xgb,MacroAUC,0.5857610086931769,,,,,
iter29,tfidf,0,0.8188908145580589,0.6923076923076923,0.7502977371973005,,,
iter29,tfidf,1,0.5406824146981627,0.6710097719869706,0.5988372093023255,,,
iter29,tfidf,2,0.3393782383419689,0.4055727554179567,0.3695345557122708,,,
iter29,tfidf,Accuracy,0.6463944396177237,,,,,
iter29,tfidf,MacroAUC,0.7919528877469109,,,,,
iter29,transformer,0,0.7472527472527473,0.1650485436893204,0.2703777335984095,,,
iter29,transformer,1,0.3333333333333333,0.0042492917847025,0.0083916083916083,,,
iter29,transformer,2,0.1192579505300353,0.9540636042402828,0.2120141342756183,,,
iter29,transformer,Accuracy,0.2066742510428517,,,,,
iter29,transformer,MacroAUC,0.5633823804699282,,,,,
iter29,transformer,MicroAUC,0.3873777659280888,,,,,
iter3,clinicalbert_transformer,0,0.7296,0.4816,0.5802,,,
iter3,clinicalbert_transformer,1,0.3716,0.7326,0.4931,,,
iter3,clinicalbert_transformer,2,0.1707,0.0792,0.1082,,,
iter3,clinicalbert_transformer,Accuracy,0.5044,,,,,
iter3,clinicalbert_transformer,MacroAUC,0.6197,,,,,
iter3,clinicalbert_transformer,MicroAUC,0.5936,,,,,
iter3,gru,0,0.7439846005774784,0.4690533980582524,0.5753628582061779,,,
iter3,gru,1,0.378535170413343,0.7393767705382436,0.5007194244604316,,,
iter3,gru,2,0.1552511415525114,0.1201413427561837,0.1354581673306772,,,
iter3,gru,Accuracy,0.5039817974971559,,,,,
iter3,gru,MacroAUC,0.6518033975676664,,,,,
iter3,gru,MicroAUC,0.6945985694951903,,,,,
iter3,lstm,0,0.6646525679758308,0.6674757281553398,0.6660611565243718,,,
iter3,lstm,1,0.4049844236760124,0.1841359773371104,0.2531645569620253,,,
iter3,lstm,2,0.1361573373676248,0.3180212014134275,0.1906779661016949,,,
iter3,lstm,Accuracy,0.5005688282138794,,,,,
iter3,lstm,MacroAUC,0.5675421322238704,,,,,
iter3,lstm,MicroAUC,0.6063664179813854,,,,,
iter3,tabular_rf,0,0.689757545769421,0.5906779661016949,0.6363843871262269,,,
iter3,tabular_rf,1,0.3834281072298944,0.4310502283105022,0.4058469475494411,,,
iter3,tabular_rf,2,0.1878787878787878,0.2713347921225383,0.2220232766338406,,,
iter3,tabular_rf,Accuracy,0.5086912065439673,,,,,
iter3,tabular_rf,MacroAUC,0.646195085916225,,,,,
iter3,tabular_xgb,0,0.6132075471698113,0.0275423728813559,0.0527169505271695,,,
iter3,tabular_xgb,1,0.2808283652337621,0.817351598173516,0.4180289584306398,,,
iter3,tabular_xgb,2,0.1567043618739903,0.212253829321663,0.1802973977695167,,,
iter3,tabular_xgb,Accuracy,0.2701942740286298,,,,,
iter3,tabular_xgb,MacroAUC,0.5446352613345197,,,,,
iter3,tfidf,0,0.8216503992901508,0.6849112426035503,0.7470754336425979,,,
iter3,tfidf,1,0.5684647302904564,0.6534181240063593,0.6079881656804734,,,
iter3,tfidf,2,0.2821100917431192,0.4032786885245901,0.3319838056680162,,,
iter3,tfidf,Accuracy,0.6386701662292213,,,,,
iter3,tfidf,MacroAUC,0.7782502177005539,,,,,
iter3,transformer,0,0.712082262210797,0.1680825242718446,0.2719685812469317,,,
iter3,transformer,1,0.2723577235772357,0.8541076487252125,0.413013698630137,,,
iter3,transformer,2,0.2352941176470588,0.0282685512367491,0.0504731861198738,,,
iter3,transformer,Accuracy,0.3367463026166097,,,,,
iter3,transformer,MacroAUC,0.5482999608743188,,,,,
iter3,transformer,MicroAUC,0.621353326519762,,,,,
iter30,clinicalbert_transformer,0,0.6355,0.7846,0.7022,,,
iter30,clinicalbert_transformer,1,0.3573,0.1984,0.2551,,,
iter30,clinicalbert_transformer,2,0.2162,0.1771,0.1947,,,
iter30,clinicalbert_transformer,Accuracy,0.5526,,,,,
iter30,clinicalbert_transformer,MacroAUC,0.5805,,,,,
iter30,clinicalbert_transformer,MicroAUC,0.7148,,,,,
iter30,gru,0,0.6774774774774774,0.4563106796116505,0.5453226976069616,,,
iter30,gru,1,0.2983521248915872,0.4872521246458923,0.3700914470145239,,,
iter30,gru,2,0.160427807486631,0.2120141342756183,0.182648401826484,,,
iter30,gru,Accuracy,0.4383769434963974,,,,,
iter30,gru,MacroAUC,0.5743185348133022,,,,,
iter30,gru,MicroAUC,0.5672969220001411,,,,,
iter30,lstm,0,0.6578947368421053,0.6067961165048543,0.6313131313131313,,,
iter30,lstm,1,0.3209606986899563,0.2082152974504249,0.2525773195876288,,,
iter30,lstm,2,0.1456752655538695,0.3392226148409894,0.2038216560509554,,,
iter30,lstm,Accuracy,0.4713689799014031,,,,,
iter30,lstm,MacroAUC,0.568507726931217,,,,,
iter30,lstm,MicroAUC,0.5766463841407443,,,,,
iter30,tabular_rf,0,0.6903195488721805,0.6143872856545378,0.6501438371321089,,,
iter30,tabular_rf,1,0.4175467099918765,0.4378194207836456,0.4274428274428274,,,
iter30,tabular_rf,2,0.2087087087087087,0.3021739130434782,0.2468916518650089,,,
iter30,tabular_rf,Accuracy,0.5272049689440994,,,,,
iter30,tabular_rf,MacroAUC,0.6442601766602931,,,,,
iter30,tabular_xgb,0,0.875,0.0380593893768297,0.0729458917835671,,,
iter30,tabular_xgb,1,0.3026404874746107,0.7614991482112436,0.4331395348837209,,,
iter30,tabular_xgb,2,0.1354705274043433,0.2847826086956522,0.1836019621583742,,,
iter30,tabular_xgb,Accuracy,0.2772670807453416,,,,,
iter30,tabular_xgb,MacroAUC,0.5532742003804788,,,,,
iter30,tfidf,0,0.8228520814880426,0.6815847395451211,0.7455858747993579,,,
iter30,tfidf,1,0.5382513661202186,0.6375404530744336,0.5837037037037037,,,
iter30,tfidf,2,0.2897196261682243,0.4025974025974026,0.3369565217391304,,,
iter30,tfidf,Accuracy,0.6321537789427698,,,,,
iter30,tfidf,MacroAUC,0.7757118038023645,,,,,
iter30,transformer,0,0.6257131989349562,0.9981796116504854,0.7692307692307693,,,
iter30,transformer,1,0.375,0.0042492917847025,0.0084033613445378,,,
iter30,transformer,2,0.0,0.0,0.0,,,
iter30,transformer,Accuracy,0.6249525976488434,,,,,
iter30,transformer,MacroAUC,0.5657613019508448,,,,,
iter30,transformer,MicroAUC,0.7509333427670664,,,,,
iter4,clinicalbert_transformer,0,0.6429,0.7637,0.6981,,,
iter4,clinicalbert_transformer,1,0.3198,0.126,0.1808,,,
iter4,clinicalbert_transformer,2,0.174,0.2491,0.2049,,,
iter4,clinicalbert_transformer,Accuracy,0.5298,,,,,
iter4,clinicalbert_transformer,MacroAUC,0.5678,,,,,
iter4,clinicalbert_transformer,MicroAUC,0.6885,,,,,
iter4,gru,0,0.7142857142857143,0.2942961165048544,0.4168457241082939,,,
iter4,gru,1,0.2922535211267605,0.7053824362606232,0.4132780082987551,,,
iter4,gru,2,0.1496062992125984,0.1342756183745583,0.1415270018621973,,,
iter4,gru,Accuracy,0.3871824042472506,,,,,
iter4,gru,MacroAUC,0.58610632297305,,,,,
iter4,gru,MicroAUC,0.5921019953351916,,,,,
iter4,lstm,0,0.6888111888111889,0.5976941747572816,0.6400259909031839,,,
iter4,lstm,1,0.34375,0.3271954674220963,0.3352685050798258,,,
iter4,lstm,2,0.1532710280373831,0.2897526501766784,0.2004889975550122,,,
iter4,lstm,Accuracy,0.4922260144103147,,,,,
iter4,lstm,MacroAUC,0.6042850566237733,,,,,
iter4,lstm,MicroAUC,0.6662732109737899,,,,,
iter4,tabular_rf,0,0.6685934489402697,0.5822147651006712,0.6224215246636772,,,
iter4,tabular_rf,1,0.3807565789473684,0.4082892416225749,0.3940425531914893,,,
iter4,tabular_rf,2,0.1732605729877216,0.2504930966469428,0.2048387096774193,,,
iter4,tabular_rf,Accuracy,0.4914285714285714,,,,,
iter4,tabular_rf,MacroAUC,0.6107313350191478,,,,,
iter4,tabular_xgb,0,0.7291666666666666,0.0293624161073825,0.0564516129032258,,,
iter4,tabular_xgb,1,0.3004307250538406,0.7380952380952381,0.4270408163265306,,,
iter4,tabular_xgb,2,0.1539807524059492,0.3471400394477317,0.2133333333333333,,,
iter4,tabular_xgb,Accuracy,0.2690683229813664,,,,,
iter4,tabular_xgb,MacroAUC,0.5603797972185198,,,,,
iter4,tfidf,0,0.8001707941929974,0.6814545454545454,0.7360565593087196,,,
iter4,tfidf,1,0.5131034482758621,0.6128500823723229,0.5585585585585585,,,
iter4,tfidf,2,0.3061728395061728,0.3887147335423197,0.3425414364640884,,,
iter4,tfidf,Accuracy,0.6227727075184702,,,,,
iter4,tfidf,MacroAUC,0.7661693801480843,,,,,
iter4,transformer,0,0.6249525976488434,1.0,0.7691948658109685,,,
iter4,transformer,1,0.0,0.0,0.0,,,
iter4,transformer,2,0.0,0.0,0.0,,,
iter4,transformer,Accuracy,0.6249525976488434,,,,,
iter4,transformer,MacroAUC,0.5491517164626685,,,,,
iter4,transformer,MicroAUC,0.7047575926091304,,,,,
iter5,clinicalbert_transformer,0,0.7032,0.5789,0.635,,,
iter5,clinicalbert_transformer,1,0.36,0.5161,0.4241,,,
iter5,clinicalbert_transformer,2,0.2033,0.1852,0.1938,,,
iter5,clinicalbert_transformer,Accuracy,0.5152,,,,,
iter5,clinicalbert_transformer,MacroAUC,0.6105,,,,,
iter5,clinicalbert_transformer,MicroAUC,0.6496,,,,,
iter5,gru,0,0.669606512890095,0.5989077669902912,0.6322869955156951,,,
iter5,gru,1,0.3605263157894737,0.1940509915014164,0.2523020257826888,,,
iter5,gru,2,0.1545338441890166,0.4275618374558304,0.2270168855534709,,,
iter5,gru,Accuracy,0.472127417519909,,,,,
iter5,gru,MacroAUC,0.6045432907690711,,,,,
iter5,gru,MicroAUC,0.6292804664635826,,,,,
iter5,lstm,0,0.6642670157068062,0.6158980582524272,0.639168765743073,,,
iter5,lstm,1,0.3319919517102616,0.2337110481586402,0.2743142144638404,,,
iter5,lstm,2,0.1552287581699346,0.3356890459363957,0.2122905027932961,,,
iter5,lstm,Accuracy,0.4835039817974971,,,,,
iter5,lstm,MacroAUC,0.6056143132691126,,,,,
iter5,lstm,MicroAUC,0.6108309752596038,,,,,
iter5,tabular_rf,0,0.672436174816097,0.6434782608695652,0.6576385950063479,,,
iter5,tabular_rf,1,0.3788018433179723,0.3760292772186642,0.3774104683195592,,,
iter5,tabular_rf,2,0.2225913621262458,0.273469387755102,0.2454212454212454,,,
iter5,tabular_rf,Accuracy,0.5250125062531266,,,,,
iter5,tabular_rf,MacroAUC,0.6328557554746052,,,,,
iter5,tabular_xgb,0,0.7730496453900709,0.0451345755693581,0.0852895148669796,,,
iter5,tabular_xgb,1,0.2898474487112046,0.5041171088746569,0.3680694722778891,,,
iter5,tabular_xgb,2,0.1733128834355828,0.6918367346938775,0.2771872444807849,,,
iter5,tabular_xgb,Accuracy,0.2498749374687343,,,,,
iter5,tabular_xgb,MacroAUC,0.5995129652894687,,,,,
iter5,tfidf,0,0.8176211453744493,0.6863905325443787,0.746280659429031,,,
iter5,tfidf,1,0.5482014388489208,0.6205211726384365,0.5821237585943468,,,
iter5,tfidf,2,0.2953020134228188,0.4244372990353697,0.3482849604221636,,,
iter5,tfidf,Accuracy,0.6328502415458938,,,,,
iter5,tfidf,MacroAUC,0.7858885249469014,,,,,
iter5,transformer,0,0.7080103359173127,0.1662621359223301,0.2692874692874692,,,
iter5,transformer,1,0.2702222222222222,0.8611898016997167,0.4113667117726657,,,
iter5,transformer,2,0.0,0.0,0.0,,,
iter5,transformer,Accuracy,0.3344709897610921,,,,,
iter5,transformer,MacroAUC,0.562732557039635,,,,,
iter5,transformer,MicroAUC,0.4614665442582288,,,,,
iter6,clinicalbert_transformer,0,0.7299,0.5584,0.6327,,,
iter6,clinicalbert_transformer,1,0.3578,0.6602,0.4641,,,
iter6,clinicalbert_transformer,2,0.2029,0.0519,0.0826,,,
iter6,clinicalbert_transformer,Accuracy,0.526,,,,,
iter6,clinicalbert_transformer,MacroAUC,0.6352,,,,,
iter6,clinicalbert_transformer,MicroAUC,0.6198,,,,,
iter6,gru,0,0.8366013071895425,0.3883495145631068,0.5304600082884376,,,
iter6,gru,1,0.4249263984298331,0.613314447592068,0.5020289855072464,,,
iter6,gru,2,0.1500586166471277,0.4522968197879858,0.2253521126760563,,,
iter6,gru,Accuracy,0.4554417899127796,,,,,
iter6,gru,MacroAUC,0.6825336457584353,,,,,
iter6,gru,MicroAUC,0.6267349404330227,,,,,
iter6,lstm,0,0.6614525139664804,0.7184466019417476,0.6887725421756835,,,
iter6,lstm,1,0.3280757097791798,0.1473087818696883,0.2033235581622678,,,
iter6,lstm,2,0.1811320754716981,0.3392226148409894,0.2361623616236162,,,
iter6,lstm,Accuracy,0.5248388320060675,,,,,
iter6,lstm,MacroAUC,0.6196424686934989,,,,,
iter6,lstm,MicroAUC,0.6786017769644058,,,,,
iter6,tabular_rf,0,0.7045454545454546,0.5893536121673004,0.6418219461697723,,,
iter6,tabular_rf,1,0.4107424960505529,0.4553415061295972,0.4318936877076412,,,
iter6,tabular_rf,2,0.2363636363636363,0.358974358974359,0.2850430696945967,,,
iter6,tabular_rf,Accuracy,0.5221613545816733,,,,,
iter6,tabular_rf,MacroAUC,0.6595466405363682,,,,,
iter6,tabular_xgb,0,0.6985294117647058,0.0401351922264469,0.0759089093088294,,,
iter6,tabular_xgb,1,0.2678421494542401,0.5586690017513135,0.3620885357548241,,,
iter6,tabular_xgb,2,0.1461949265687583,0.4319526627218935,0.2184538653366583,,,
iter6,tabular_xgb,Accuracy,0.2370517928286852,,,,,
iter6,tabular_xgb,MacroAUC,0.5442867492636607,,,,,
iter6,tfidf,0,0.8250676284941388,0.6792873051224945,0.745114006514658,,,
iter6,tfidf,1,0.5321477428180574,0.6472545757071547,0.5840840840840841,,,
iter6,tfidf,2,0.3604651162790697,0.4813664596273292,0.4122340425531915,,,
iter6,tfidf,Accuracy,0.6427312775330396,,,,,
iter6,tfidf,MacroAUC,0.795686639810253,,,,,
iter6,transformer,0,0.7291139240506329,0.174757281553398,0.2819383259911894,,,
iter6,transformer,1,0.2729705619982159,0.8668555240793201,0.4151967435549525,,,
iter6,transformer,2,0.0,0.0,0.0,,,
iter6,transformer,Accuracy,0.3412969283276451,,,,,
iter6,transformer,MacroAUC,0.5648865868713558,,,,,
iter6,transformer,MicroAUC,0.452999193674682,,,,,
iter7,clinicalbert_transformer,0,0.7439,0.5022,0.5996,,,
iter7,clinicalbert_transformer,1,0.3508,0.7168,0.471,,,
iter7,clinicalbert_transformer,2,0.2436,0.0704,0.1092,,,
iter7,clinicalbert_transformer,Accuracy,0.5092,,,,,
iter7,clinicalbert_transformer,MacroAUC,0.6274,,,,,
iter7,clinicalbert_transformer,MicroAUC,0.6224,,,,,
iter7,gru,0,0.750965250965251,0.4720873786407767,0.5797317436661699,,,
iter7,gru,1,0.3948030176026823,0.6671388101983002,0.4960505529225908,,,
iter7,gru,2,0.1470588235294117,0.2120141342756183,0.1736613603473227,,,
iter7,gru,Accuracy,0.4963974213120971,,,,,
iter7,gru,MacroAUC,0.6428682877238993,,,,,
iter7,gru,MicroAUC,0.6483993788116919,,,,,
iter7,lstm,0,0.6850558659217877,0.5952669902912622,0.637012987012987,,,
iter7,lstm,1,0.3302752293577982,0.3059490084985836,0.3176470588235294,,,
iter7,lstm,2,0.1397459165154265,0.2720848056537102,0.184652278177458,,,
iter7,lstm,Accuracy,0.4831247629882442,,,,,
iter7,lstm,MacroAUC,0.5962746211665078,,,,,
iter7,lstm,MicroAUC,0.6143347226518453,,,,,
iter7,tabular_rf,0,0.6812985825331505,0.6157024793388429,0.6468417625352724,,,
iter7,tabular_rf,1,0.4022108843537414,0.4084628670120898,0.4053127677806341,,,
iter7,tabular_rf,2,0.2293706293706293,0.328,0.2699588477366255,,,
iter7,tabular_rf,Accuracy,0.5215792054928887,,,,,
iter7,tabular_rf,MacroAUC,0.648420822967,,,,,
iter7,tabular_xgb,0,0.759493670886076,0.024793388429752,0.0480192076830732,,,
iter7,tabular_xgb,1,0.3105022831050228,0.4697754749568221,0.3738831615120275,,,
iter7,tabular_xgb,2,0.153093012906097,0.688,0.2504550418638515,,,
iter7,tabular_xgb,Accuracy,0.2324668955370279,,,,,
iter7,tabular_xgb,MacroAUC,0.5741662542413216,,,,,
iter7,tfidf,0,0.8223214285714285,0.6732456140350878,0.7403536977491961,,,
iter7,tfidf,1,0.5315436241610738,0.6513157894736842,0.5853658536585366,,,
iter7,tfidf,2,0.316546762589928,0.4313725490196078,0.3651452282157676,,,
iter7,tfidf,Accuracy,0.6349693251533742,,,,,
iter7,tfidf,MacroAUC,0.7794722894224492,,,,,
iter7,transformer,0,0.7010050251256281,0.1692961165048543,0.2727272727272727,,,
iter7,transformer,1,0.2697632871817775,0.8555240793201133,0.4101867572156197,,,
iter7,transformer,2,0.0,0.0,0.0,,,
iter7,transformer,Accuracy,0.3348502085703451,,,,,
iter7,transformer,MacroAUC,0.5441860315037149,,,,,
iter7,transformer,MicroAUC,0.5571651143430274,,,,,
iter8,clinicalbert_transformer,0,0.7191,0.5206,0.604,,,
iter8,clinicalbert_transformer,1,0.3552,0.6377,0.4562,,,
iter8,clinicalbert_transformer,2,0.2264,0.1358,0.1698,,,
iter8,clinicalbert_transformer,Accuracy,0.5079,,,,,
iter8,clinicalbert_transformer,MacroAUC,0.6119,,,,,
iter8,clinicalbert_transformer,MicroAUC,0.6405,,,,,
iter8,gru,0,0.7192982456140351,0.1492718446601941,0.2472361809045226,,,
iter8,gru,1,0.3284403669724771,0.2535410764872521,0.2861710631494804,,,
iter8,gru,2,0.1114285714285714,0.6890459363957597,0.1918347270044269,,,
iter8,gru,Accuracy,0.2351156617368221,,,,,
iter8,gru,MacroAUC,0.5462767736160911,,,,,
iter8,gru,MicroAUC,0.5171691064227184,,,,,
iter8,lstm,0,0.6623376623376623,0.5879854368932039,0.6229508196721312,,,
iter8,lstm,1,0.319290465631929,0.2039660056657223,0.2489196197061365,,,
iter8,lstm,2,0.1383125864453665,0.3533568904593639,0.1988071570576541,,,
iter8,lstm,Accuracy,0.4599924156238149,,,,,
iter8,lstm,MacroAUC,0.5774773436494044,,,,,
iter8,lstm,MicroAUC,0.5505922399780608,,,,,
iter8,tabular_rf,0,0.701067615658363,0.568659793814433,0.6279599271402551,,,
iter8,tabular_rf,1,0.3729198184568835,0.43978590544157,0.4036021285304953,,,
iter8,tabular_rf,2,0.2122052704576976,0.3297413793103448,0.2582278481012658,,,
iter8,tabular_rf,Accuracy,0.5049875311720698,,,,,
iter8,tabular_rf,MacroAUC,0.6373611723690743,,,,,
iter8,tabular_xgb,0,0.6875,0.0181443298969072,0.0353555644837284,,,
iter8,tabular_xgb,1,0.2928311057108141,0.8599464763603925,0.4368910038522547,,,
iter8,tabular_xgb,2,0.1620795107033639,0.2284482758620689,0.1896243291592128,,,
iter8,tabular_xgb,Accuracy,0.2778054862842892,,,,,
iter8,tabular_xgb,MacroAUC,0.5666546254234278,,,,,
iter8,tfidf,0,0.8370635631154879,0.6785195936139332,0.749498997995992,,,
iter8,tfidf,1,0.5203145478374837,0.6465798045602605,0.5766158315177923,,,
iter8,tfidf,2,0.3179611650485437,0.4366666666666666,0.3679775280898876,,,
iter8,tfidf,Accuracy,0.6383071553228621,,,,,
iter8,tfidf,MacroAUC,0.780058723893383,,,,,
iter8,transformer,0,0.68,0.1547330097087378,0.2521008403361344,,,
iter8,transformer,1,0.2692307692307692,0.8626062322946175,0.410377358490566,,,
iter8,transformer,2,0.0,0.0,0.0,,,
iter8,transformer,Accuracy,0.3276450511945392,,,,,
iter8,transformer,MacroAUC,0.5486302857878508,,,,,
iter8,transformer,MicroAUC,0.4370032280336031,,,,,
iter9,clinicalbert_transformer,0,0.7135,0.4905,0.5813,,,
iter9,clinicalbert_transformer,1,0.3457,0.6385,0.4485,,,
iter9,clinicalbert_transformer,2,0.1524,0.0929,0.1155,,,
iter9,clinicalbert_transformer,Accuracy,0.4843,,,,,
iter9,clinicalbert_transformer,MacroAUC,0.6094,,,,,
iter9,clinicalbert_transformer,MicroAUC,0.593,,,,,
iter9,gru,0,0.8174019607843137,0.4047330097087379,0.5413961038961039,,,
iter9,gru,1,0.3892554194156456,0.5849858356940509,0.4674589700056593,,,
iter9,gru,2,0.1592105263157894,0.4275618374558304,0.2320230105465004,,,
iter9,gru,Accuracy,0.4554417899127796,,,,,
iter9,gru,MacroAUC,0.6715301859497188,,,,,
iter9,gru,MicroAUC,0.628845594381982,,,,,
iter9,lstm,0,0.6672794117647058,0.6608009708737864,0.6640243902439025,,,
iter9,lstm,1,0.3542713567839196,0.1997167138810198,0.2554347826086957,,,
iter9,lstm,2,0.1532125205930807,0.3286219081272085,0.2089887640449438,,,
iter9,lstm,Accuracy,0.5017064846416383,,,,,
iter9,lstm,MacroAUC,0.5768638075472975,,,,,
iter9,lstm,MicroAUC,0.6036332958428732,,,,,
iter9,tabular_rf,0,0.6799820466786356,0.6474358974358975,0.6633099824868651,,,
iter9,tabular_rf,1,0.3846838824577026,0.3881401617250674,0.3864042933810375,,,
iter9,tabular_rf,2,0.2162629757785467,0.2626050420168067,0.2371916508538899,,,
iter9,tabular_rf,Accuracy,0.5273606515652838,,,,,
iter9,tabular_rf,MacroAUC,0.6472411494063709,,,,,
iter9,tabular_xgb,0,0.8606060606060606,0.0606837606837606,0.1133732534930139,,,
iter9,tabular_xgb,1,0.3163191948238677,0.7906558849955077,0.4518613607188703,,,
iter9,tabular_xgb,2,0.1507128309572301,0.3109243697478991,0.2030178326474623,,,
iter9,tabular_xgb,Accuracy,0.2977856961058793,,,,,
iter9,tabular_xgb,MacroAUC,0.5861963216247891,,,,,
iter9,tfidf,0,0.8114682884448305,0.6985789080029918,0.7508038585209004,,,
iter9,tfidf,1,0.5527859237536656,0.6190476190476191,0.5840433772269559,,,
iter9,tfidf,2,0.3116279069767442,0.4227129337539432,0.358768406961178,,,
iter9,tfidf,Accuracy,0.6385329209014582,,,,,
iter9,tfidf,MacroAUC,0.78216765887236,,,,,
iter9,transformer,0,0.7378640776699029,0.1844660194174757,0.2951456310679611,,,
iter9,transformer,1,0.2722704431247145,0.8441926345609065,0.4117443868739205,,,
iter9,transformer,2,0.0833333333333333,0.0106007067137809,0.018808777429467,,,
iter9,transformer,Accuracy,0.3424345847554039,,,,,
iter9,transformer,MacroAUC,0.5494556054834714,,,,,
iter9,transformer,MicroAUC,0.4557881847958999,,,,,
